{"mean":{"confidence_interval":{"confidence_level":0.95,"lower_bound":810629291.9,"upper_bound":826656389.2},"point_estimate":818189234.0,"standard_error":4068224.324483862},"median":{"confidence_interval":{"confidence_level":0.95,"lower_bound":807544150.0,"upper_bound":821617850.0},"point_estimate":814954900.0,"standard_error":3209095.2621894027},"median_abs_dev":{"confidence_interval":{"confidence_level":0.95,"lower_bound":24278241.738975048,"upper_bound":37782281.20923042},"point_estimate":31415774.53225851,"standard_error":3349065.7240889445},"slope":null,"std_dev":{"confidence_interval":{"confidence_level":0.95,"lower_bound":27040247.934507594,"upper_bound":55337512.12966862},"point_estimate":40940094.05563061,"standard_error":7503772.449775359}}