{"mean":{"confidence_interval":{"confidence_level":0.95,"lower_bound":250995804.625,"upper_bound":258218919.275},"point_estimate":254452053.0,"standard_error":1844928.7027415794},"median":{"confidence_interval":{"confidence_level":0.95,"lower_bound":250926100.0,"upper_bound":256217200.0},"point_estimate":252937100.0,"standard_error":1401403.590248091},"median_abs_dev":{"confidence_interval":{"confidence_level":0.95,"lower_bound":8180097.094774246,"upper_bound":16695706.563591957},"point_estimate":12333452.661037445,"standard_error":2135812.0774721634},"slope":null,"std_dev":{"confidence_interval":{"confidence_level":0.95,"lower_bound":13386305.583242403,"upper_bound":23320376.148190208},"point_estimate":18515267.917654213,"standard_error":2551149.1976291044}}