{"mean":{"confidence_interval":{"confidence_level":0.95,"lower_bound":199869834.875,"upper_bound":206539972.2},"point_estimate":203212089.0,"standard_error":1695349.90458512},"median":{"confidence_interval":{"confidence_level":0.95,"lower_bound":198756000.0,"upper_bound":204867500.0},"point_estimate":201997350.0,"standard_error":1424631.9106731494},"median_abs_dev":{"confidence_interval":{"confidence_level":0.95,"lower_bound":12603137.59624958,"upper_bound":19407307.785451412},"point_estimate":16397036.798894405,"standard_error":1685202.212606164},"slope":null,"std_dev":{"confidence_interval":{"confidence_level":0.95,"lower_bound":14489224.39361219,"upper_bound":19295913.22378527},"point_estimate":17022484.251337957,"standard_error":1235748.5408558454}}