{"mean":{"confidence_interval":{"confidence_level":0.95,"lower_bound":102121990.7,"upper_bound":107165028.35},"point_estimate":104578144.0,"standard_error":1284598.4709983647},"median":{"confidence_interval":{"confidence_level":0.95,"lower_bound":101212200.0,"upper_bound":105584850.0},"point_estimate":103481200.0,"standard_error":1113544.741692979},"median_abs_dev":{"confidence_interval":{"confidence_level":0.95,"lower_bound":7554069.255888462,"upper_bound":13076161.117851734},"point_estimate":10572568.672299385,"standard_error":1368880.5759928287},"slope":null,"std_dev":{"confidence_interval":{"confidence_level":0.95,"lower_bound":10458284.778612813,"upper_bound":15194861.713320892},"point_estimate":12934044.493469726,"standard_error":1214245.4149429998}}