{"mean":{"confidence_interval":{"confidence_level":0.95,"lower_bound":29836802.6625,"upper_bound":31674311.8125},"point_estimate":30769283.5,"standard_error":468433.07500890864},"median":{"confidence_interval":{"confidence_level":0.95,"lower_bound":30352350.0,"upper_bound":32560325.0},"point_estimate":31409025.0,"standard_error":658068.460565713},"median_abs_dev":{"confidence_interval":{"confidence_level":0.95,"lower_bound":2958565.312474966,"upper_bound":5123087.144047022},"point_estimate":3866361.276358366,"standard_error":561572.149573923},"slope":null,"std_dev":{"confidence_interval":{"confidence_level":0.95,"lower_bound":4030485.2594892583,"upper_bound":5296626.652266464},"point_estimate":4715464.083098574,"standard_error":323007.535987859}}