{"mean":{"confidence_interval":{"confidence_level":0.95,"lower_bound":498368186.225,"upper_bound":507655287.075},"point_estimate":502529282.0,"standard_error":2380799.501834645},"median":{"confidence_interval":{"confidence_level":0.95,"lower_bound":494514100.0,"upper_bound":499048300.0},"point_estimate":496234450.0,"standard_error":1293311.3679770436},"median_abs_dev":{"confidence_interval":{"confidence_level":0.95,"lower_bound":7257178.611159325,"upper_bound":13888181.123435497},"point_estimate":10227493.528425694,"standard_error":1715658.8152441387},"slope":null,"std_dev":{"confidence_interval":{"confidence_level":0.95,"lower_bound":12679429.558563566,"upper_bound":34359134.28919931},"point_estimate":23924176.04618737,"standard_error":5741777.848422605}}